language, benchmark, run_id, time
python, 100ms, 0, 100.22298200004798
python, 100ms, 1, 100.20401799999945
python, 100ms, 2, 100.21419999998216
python, 100ms, 3, 100.21819700000378
python, 100ms, 4, 100.2169099999719
python, 100ms, 5, 100.21569399998498
python, 100ms, 6, 100.21281199999521
python, 100ms, 7, 100.21806000003153
python, 100ms, 8, 100.21368200000325
python, 100ms, 9, 100.21354600002041
python, sum, 0, 878.27508700002
python, sum, 1, 878.0789859999913
python, sum, 2, 878.2963340000265
python, sum, 3, 918.4248789999856
python, sum, 4, 878.0787070000429
python, sum, 5, 879.5642349999753
python, sum, 6, 878.6211310000454
python, sum, 7, 881.8790729999932
python, sum, 8, 880.2813910000395
python, sum, 9, 878.7223049999966
python, sum, 10, 878.4035889999586
python, sum, 11, 878.8904620000153
python, sum, 12, 877.6666470000123
python, sum, 13, 877.5494739999772
python, sum, 14, 878.058942999985
python, sum, 15, 878.1417480000187
python, sum, 16, 878.6548349999634
python, sum, 17, 878.0307389999962
python, sum, 18, 878.0306740000015
python, sum, 19, 877.8243240000165
python, sum, 20, 878.2534150000174
python, sum, 21, 878.051279000033
python, sum, 22, 878.2147160000022
python, sum, 23, 878.0193039999631
python, sum, 24, 877.7206030000002
python, sum, 25, 877.9669950000084
python, sum, 26, 881.0586259999695
python, sum, 27, 879.8359859999891
python, sum, 28, 883.1654410000169
python, sum, 29, 877.571617000001
python, sum, 30, 877.7738450000356
python, sum, 31, 878.6415470000293
python, sum, 32, 885.1398829999653
python, sum, 33, 882.1696879999763
python, sum, 34, 878.4996010000441
python, sum, 35, 880.5366939999999
python, sum, 36, 878.1080169999882
python, sum, 37, 877.8727819999972
python, sum, 38, 881.1145020000026
python, sum, 39, 878.0478040000048
python, sum, 40, 880.3770539999505
python, sum, 41, 877.6326600000175
python, sum, 42, 880.0849649999805
python, sum, 43, 877.9441479999832
python, sum, 44, 880.3804780000064
python, sum, 45, 878.3666130000256
python, sum, 46, 879.6622440000306
python, sum, 47, 878.1584550000048
python, sum, 48, 877.9697470000087
python, sum, 49, 878.0779690000031
python, sum, 50, 878.0070060000185
python, sum, 51, 877.9192819999935
python, sum, 52, 877.8647980000187
python, sum, 53, 877.6903020000191
python, sum, 54, 877.6296409999986
python, sum, 55, 878.7491969999905
python, sum, 56, 877.7819260000115
python, sum, 57, 877.7404420000039
python, sum, 58, 877.7656130000082
python, sum, 59, 877.555502000007
python, sum, 60, 878.1178940000132
python, sum, 61, 877.6537980000398
python, sum, 62, 877.7761690000148
python, sum, 63, 877.6844440000104
python, sum, 64, 877.728530000013
python, sum, 65, 877.5401929999589
python, sum, 66, 877.7301449999868
python, sum, 67, 877.9633949999948
python, sum, 68, 878.7902239999994
python, sum, 69, 878.6849840000173
python, sum, 70, 878.5652960000334
python, sum, 71, 880.3935770000066
python, sum, 72, 878.467454000031
python, sum, 73, 877.6446200000123
python, sum, 74, 877.9071220000105
python, sum, 75, 878.0376450000063
python, sum, 76, 877.777927000011
python, sum, 77, 877.6130530000046
python, sum, 78, 877.8864589999671
python, sum, 79, 877.5451480000243
python, sum, 80, 877.8364760000272
python, sum, 81, 877.5611539999773
python, sum, 82, 877.643981999995
python, sum, 83, 878.0014710000046
python, sum, 84, 877.6402970000277
python, sum, 85, 877.8564399999595
python, sum, 86, 877.8917429999638
python, sum, 87, 877.8605869999865
python, sum, 88, 877.8016109999953
python, sum, 89, 878.4345249999888
python, sum, 90, 879.2253479999772
python, sum, 91, 877.9445380000084
python, sum, 92, 877.8901629999609
python, sum, 93, 877.7708029999758
python, sum, 94, 877.7411510000093
python, sum, 95, 878.124009999965
python, sum, 96, 878.1038999999851
python, sum, 97, 877.7468769999928
python, sum, 98, 883.3685430000173
python, sum, 99, 877.6607169999693
python, sum, 100, 877.6438229999712
python, sum, 101, 880.0369850000038
python, sum, 102, 877.6805800000034
python, sum, 103, 877.9642350000358
python, sum, 104, 877.6411810000013
python, sum, 105, 877.7778299999568
python, sum, 106, 878.2886070000018
python, sum, 107, 877.6378719999798
python, sum, 108, 877.7792949999821
python, sum, 109, 877.7485080000247
python, sum, 110, 877.8138579999677
python, sum, 111, 877.7403079999999
python, sum, 112, 878.040464000037
python, sum, 113, 877.7884230000268
python, sum, 114, 878.4079939999856
python, sum, 115, 878.1109399999991
python, sum, 116, 878.0075839999881
python, sum, 117, 878.362017000029
python, sum, 118, 877.8927089999797
python, sum, 119, 878.3666979999794
python, sum, 120, 878.2411679999882
python, sum, 121, 878.0150680000247
python, sum, 122, 878.1093599999963
python, sum, 123, 878.5532599999897
python, sum, 124, 878.266587999974
python, sum, 125, 877.768575999994
python, sum, 126, 878.2334570000216
python, sum, 127, 877.8038039999956
python, sum, 128, 877.8913599999782
python, sum, 129, 878.2828750000249
python, sum, 130, 877.7992999999924
python, sum, 131, 877.8295579999735
python, sum, 132, 877.8060500000038
python, sum, 133, 877.7672740000071
python, sum, 134, 877.7809899999625
python, sum, 135, 877.858367999977
python, sum, 136, 877.8311709999684
python, sum, 137, 877.885837000008
python, sum, 138, 877.9669029999582
python, sum, 139, 877.6518580000356
python, sum, 140, 878.5135690000061
python, sum, 141, 877.8408370000079
python, sum, 142, 877.8523560000053
python, sum, 143, 878.0895389999728
python, sum, 144, 878.0578999999875
python, sum, 145, 877.811625999982
python, sum, 146, 877.8749199999538
python, sum, 147, 877.6757159999988
python, sum, 148, 877.7069320000237
python, sum, 149, 877.9874339999765
python, sum, 150, 877.6809050000338
python, sum, 151, 878.0354979999743
python, sum, 152, 877.7470919999928
python, sum, 153, 877.79554399998
python, sum, 154, 877.9082269999776
python, sum, 155, 877.8116859999727
python, sum, 156, 877.8160990000288
python, sum, 157, 878.2125760000099
python, sum, 158, 878.0785760000072
python, sum, 159, 877.7254000000312
python, sum, 160, 877.7975560000186
python, sum, 161, 877.8190410000093
python, sum, 162, 877.7478819999942
python, sum, 163, 878.1336879999913
python, sum, 164, 877.7140059999624
python, sum, 165, 880.7850560000361
python, sum, 166, 878.2176740000409
python, sum, 167, 883.2977420000248
python, sum, 168, 877.7110610000136
python, sum, 169, 877.8416249999736
python, sum, 170, 878.3095000000003
python, sum, 171, 877.7776119999885
python, sum, 172, 877.7917020000245
python, sum, 173, 877.9259369999863
python, sum, 174, 878.4594210000023
python, sum, 175, 877.7260199999546
python, sum, 176, 877.7696029999333
python, sum, 177, 877.7095160000954
python, sum, 178, 877.9602320000777
python, sum, 179, 877.8852149999921
python, sum, 180, 877.8057580000223
python, sum, 181, 877.8320760000042
python, sum, 182, 878.445438999961
python, sum, 183, 878.3279429999311
python, sum, 184, 877.921420000007
python, sum, 185, 878.3509919999233
python, sum, 186, 878.18108700003
python, sum, 187, 877.7574160000086
python, sum, 188, 877.631823999991
python, sum, 189, 877.6136039999756
python, sum, 190, 877.7380519999269
python, sum, 191, 878.470923000009
python, sum, 192, 878.0092740000782
python, sum, 193, 877.7039420000392
python, sum, 194, 878.0846010000687
python, sum, 195, 877.510235999921
python, sum, 196, 877.8491619999613
python, sum, 197, 877.945479999994
python, sum, 198, 877.5749970000106
python, sum, 199, 877.7090199999975
python, alloc_vector, 0, 611.8544460000521
python, alloc_vector, 1, 611.8364239999892
python, alloc_vector, 2, 611.5325330000587
python, alloc_vector, 3, 611.1537450000242
python, alloc_vector, 4, 611.591399999952
python, alloc_vector, 5, 612.0066060000227
python, alloc_vector, 6, 611.5452380000761
python, alloc_vector, 7, 612.1642709999833
python, alloc_vector, 8, 612.5627829999303
python, alloc_vector, 9, 611.0692299999982
python, alloc_vector, 10, 611.3679919999413
python, alloc_vector, 11, 611.2810500000023
python, alloc_vector, 12, 613.1827049999856
python, alloc_vector, 13, 612.9407859999674
python, alloc_vector, 14, 611.7889570000443
python, alloc_vector, 15, 611.8748549999964
python, alloc_vector, 16, 612.0467590000089
python, alloc_vector, 17, 612.7108109999426
python, alloc_vector, 18, 611.9119040000669
python, alloc_vector, 19, 611.9658560000971
python, alloc_vector, 20, 611.8761449999965
python, alloc_vector, 21, 612.1137699999508
python, alloc_vector, 22, 612.3241769998913
python, alloc_vector, 23, 612.0320039999569
python, alloc_vector, 24, 612.5253159999602
python, alloc_vector, 25, 612.4585410000236
python, alloc_vector, 26, 613.1429819999994
python, alloc_vector, 27, 611.8916689999878
python, alloc_vector, 28, 612.0071560000042
python, alloc_vector, 29, 612.1463069999891
python, alloc_vector, 30, 611.3710580000316
python, alloc_vector, 31, 612.5734309999871
python, alloc_vector, 32, 611.40917299997
python, alloc_vector, 33, 611.4904890000616
python, alloc_vector, 34, 612.0023849999825
python, alloc_vector, 35, 611.257000999899
python, alloc_vector, 36, 610.9339560000535
python, alloc_vector, 37, 612.3397249999698
python, alloc_vector, 38, 612.6358679999839
python, alloc_vector, 39, 611.6627419999077
python, alloc_vector, 40, 612.2163190000265
python, alloc_vector, 41, 612.8180350000321
python, alloc_vector, 42, 611.9120039999189
python, alloc_vector, 43, 612.1364189999667
python, alloc_vector, 44, 612.616987000024
python, alloc_vector, 45, 612.691578999943
python, alloc_vector, 46, 612.2263180000118
python, alloc_vector, 47, 611.4708549999932
python, alloc_vector, 48, 612.3931669999365
python, alloc_vector, 49, 611.6077209999276
python, alloc_vector, 50, 611.7708969999285
python, alloc_vector, 51, 612.9903209999839
python, alloc_vector, 52, 611.9667570000047
python, alloc_vector, 53, 616.1903219999658
python, alloc_vector, 54, 612.7258770000026
python, alloc_vector, 55, 612.1225050000021
python, alloc_vector, 56, 612.7190139999357
python, alloc_vector, 57, 612.4563419999731
python, alloc_vector, 58, 612.0670130000008
python, alloc_vector, 59, 611.7967550000003
python, alloc_vector, 60, 611.4297430000306
python, alloc_vector, 61, 612.0038139999906
python, alloc_vector, 62, 612.8808329999629
python, alloc_vector, 63, 612.4423310000111
python, alloc_vector, 64, 612.1588360000487
python, alloc_vector, 65, 612.0186960000638
python, alloc_vector, 66, 611.3626229999909
python, alloc_vector, 67, 612.2967449999805
python, alloc_vector, 68, 611.3519709999764
python, alloc_vector, 69, 611.8440359999795
python, alloc_vector, 70, 614.818774000014
python, alloc_vector, 71, 613.1408449999753
python, alloc_vector, 72, 613.9156639999328
python, alloc_vector, 73, 616.796614000009
python, alloc_vector, 74, 615.381339999999
python, alloc_vector, 75, 614.4297259999121
python, alloc_vector, 76, 614.3247830000291
python, alloc_vector, 77, 613.8836229999924
python, alloc_vector, 78, 614.0629770000032
python, alloc_vector, 79, 619.3987650000281
python, alloc_vector, 80, 614.645515999996
python, alloc_vector, 81, 613.2695430000012
python, alloc_vector, 82, 613.6960989999807
python, alloc_vector, 83, 613.0158770000662
python, alloc_vector, 84, 612.9112209999903
python, alloc_vector, 85, 613.9502349999475
python, alloc_vector, 86, 614.7663750000447
python, alloc_vector, 87, 614.1867960000127
python, alloc_vector, 88, 614.6457810000356
python, alloc_vector, 89, 613.7717150000981
python, alloc_vector, 90, 614.1515340000296
python, alloc_vector, 91, 613.6192400000482
python, alloc_vector, 92, 614.2593569999235
python, alloc_vector, 93, 613.8999659999627
python, alloc_vector, 94, 615.0727130000178
python, alloc_vector, 95, 613.6990129999731
python, alloc_vector, 96, 613.5418740000205
python, alloc_vector, 97, 613.0946230000518
python, alloc_vector, 98, 612.5092209999821
python, alloc_vector, 99, 612.9224100000101
python, alloc_vector, 100, 613.3890869999732
python, alloc_vector, 101, 613.6514149999357
python, alloc_vector, 102, 612.933546000022
python, alloc_vector, 103, 613.2780629999388
python, alloc_vector, 104, 612.9248160000316
python, alloc_vector, 105, 613.4455979999984
python, alloc_vector, 106, 613.6256290000119
python, alloc_vector, 107, 612.5322110000297
python, alloc_vector, 108, 612.7646060000416
python, alloc_vector, 109, 612.3981800000138
python, alloc_vector, 110, 613.9603169999646
python, alloc_vector, 111, 613.0229730000565
python, alloc_vector, 112, 612.3027219999813
python, alloc_vector, 113, 613.2538049999994
python, alloc_vector, 114, 614.0429870000617
python, alloc_vector, 115, 613.8793090000263
python, alloc_vector, 116, 612.237317999984
python, alloc_vector, 117, 612.3014309999917
python, alloc_vector, 118, 612.5451249999969
python, alloc_vector, 119, 611.8927429999985
python, alloc_vector, 120, 611.8754689999832
python, alloc_vector, 121, 611.8914830000222
python, alloc_vector, 122, 612.3462310000605
python, alloc_vector, 123, 612.4383700000635
python, alloc_vector, 124, 612.4117600001
python, alloc_vector, 125, 611.6661439999689
python, alloc_vector, 126, 612.1227759999783
python, alloc_vector, 127, 612.6290569999355
python, alloc_vector, 128, 615.2647860000116
python, alloc_vector, 129, 612.017757999979
python, alloc_vector, 130, 612.5007570000207
python, alloc_vector, 131, 613.103836999926
python, alloc_vector, 132, 612.1021320000182
python, alloc_vector, 133, 612.5415340000018
python, alloc_vector, 134, 613.0832200000214
python, alloc_vector, 135, 613.1318049999663
python, alloc_vector, 136, 612.3971780000375
python, alloc_vector, 137, 613.0206850000377
python, alloc_vector, 138, 613.2297009999093
python, alloc_vector, 139, 612.8903799999534
python, alloc_vector, 140, 611.982649999959
python, alloc_vector, 141, 612.7278830000478
python, alloc_vector, 142, 612.8316630000654
python, alloc_vector, 143, 613.2639260000587
python, alloc_vector, 144, 611.9944759999498
python, alloc_vector, 145, 612.3104710000007
python, alloc_vector, 146, 611.8663519999927
python, alloc_vector, 147, 612.4348449999388
python, alloc_vector, 148, 612.770587
python, alloc_vector, 149, 612.8501160000042
python, alloc_vector, 150, 612.8933720000305
python, alloc_vector, 151, 615.4785119999815
python, alloc_vector, 152, 617.2727050000049
python, alloc_vector, 153, 613.4036119999564
python, alloc_vector, 154, 612.4858399999766
python, alloc_vector, 155, 612.1144190000223
python, alloc_vector, 156, 611.5391509999881
python, alloc_vector, 157, 611.7365129999826
python, alloc_vector, 158, 612.049240000033
python, alloc_vector, 159, 612.3032479999893
python, alloc_vector, 160, 612.1909349999441
python, alloc_vector, 161, 612.3441530000946
python, alloc_vector, 162, 612.5112040000431
python, alloc_vector, 163, 612.5242150000076
python, alloc_vector, 164, 612.5286600000663
python, alloc_vector, 165, 612.4386679999816
python, alloc_vector, 166, 611.170664000042
python, alloc_vector, 167, 611.886514000048
python, alloc_vector, 168, 612.5262549999206
python, alloc_vector, 169, 611.9831519999934
python, alloc_vector, 170, 612.655534000055
python, alloc_vector, 171, 614.3616370000018
python, alloc_vector, 172, 612.4937270000146
python, alloc_vector, 173, 612.4785929999916
python, alloc_vector, 174, 612.0673700000907
python, alloc_vector, 175, 612.6175849999527
python, alloc_vector, 176, 612.3612290000437
python, alloc_vector, 177, 613.4829899999659
python, alloc_vector, 178, 613.1830010000385
python, alloc_vector, 179, 612.7311239999926
python, alloc_vector, 180, 612.6396900000373
python, alloc_vector, 181, 612.4600079999709
python, alloc_vector, 182, 612.346634000005
python, alloc_vector, 183, 612.8558879998991
python, alloc_vector, 184, 613.4493819999989
python, alloc_vector, 185, 612.2371479999629
python, alloc_vector, 186, 611.7895030000682
python, alloc_vector, 187, 612.7166470000702
python, alloc_vector, 188, 612.1464499999547
python, alloc_vector, 189, 611.6127219999044
python, alloc_vector, 190, 611.2433879999344
python, alloc_vector, 191, 612.0172820000107
python, alloc_vector, 192, 613.3187500000759
python, alloc_vector, 193, 611.8068709999989
python, alloc_vector, 194, 612.178053999969
python, alloc_vector, 195, 613.0548319999889
python, alloc_vector, 196, 612.2628480000003
python, alloc_vector, 197, 611.9904070000075
python, alloc_vector, 198, 612.0201709999264
python, alloc_vector, 199, 611.9262869999602
python, sum_vector, 0, 433.6777810000285
python, sum_vector, 1, 433.2383990000608
python, sum_vector, 2, 433.2409450000796
python, sum_vector, 3, 433.4298809999382
python, sum_vector, 4, 433.2723070000384
python, sum_vector, 5, 433.57908400003
python, sum_vector, 6, 433.3135240000274
python, sum_vector, 7, 433.38014799996927
python, sum_vector, 8, 433.19521000000805
python, sum_vector, 9, 433.36012499992194
python, sum_vector, 10, 433.6645869999529
python, sum_vector, 11, 433.6183619999474
python, sum_vector, 12, 433.40068199995585
python, sum_vector, 13, 433.10455000005277
python, sum_vector, 14, 433.4136719999151
python, sum_vector, 15, 433.2966200000783
python, sum_vector, 16, 433.21819200002665
python, sum_vector, 17, 433.33233900000323
python, sum_vector, 18, 433.39579600001343
python, sum_vector, 19, 433.346054000026
python, sum_vector, 20, 433.2530490000863
python, sum_vector, 21, 433.3821139999827
python, sum_vector, 22, 433.1240120000075
python, sum_vector, 23, 433.37624899993443
python, sum_vector, 24, 433.40549900005954
python, sum_vector, 25, 433.23414900009993
python, sum_vector, 26, 433.1748710000056
python, sum_vector, 27, 433.24102799999764
python, sum_vector, 28, 433.4533650001049
python, sum_vector, 29, 433.15527900006146
python, sum_vector, 30, 433.4039569999959
python, sum_vector, 31, 433.20533599990085
python, sum_vector, 32, 433.3497200000238
python, sum_vector, 33, 433.37423100001615
python, sum_vector, 34, 433.4955760000412
python, sum_vector, 35, 433.270986000025
python, sum_vector, 36, 433.3494589999418
python, sum_vector, 37, 433.4558229999175
python, sum_vector, 38, 433.3897280000656
python, sum_vector, 39, 433.6441469999954
python, sum_vector, 40, 433.27917599992816
python, sum_vector, 41, 433.2589690000077
python, sum_vector, 42, 433.64612100003797
python, sum_vector, 43, 433.3631959999593
python, sum_vector, 44, 433.28684599998724
python, sum_vector, 45, 433.6654200000112
python, sum_vector, 46, 433.32438800007367
python, sum_vector, 47, 433.38905799998884
python, sum_vector, 48, 433.3846080000967
python, sum_vector, 49, 433.26173499997367
python, sum_vector, 50, 433.33060800000567
python, sum_vector, 51, 433.5269350000317
python, sum_vector, 52, 433.40914400005204
python, sum_vector, 53, 433.4079750000228
python, sum_vector, 54, 433.41338000004725
python, sum_vector, 55, 433.2373949999919
python, sum_vector, 56, 433.3358320000116
python, sum_vector, 57, 433.6660269999584
python, sum_vector, 58, 433.2879090000006
python, sum_vector, 59, 433.2070240000121
python, sum_vector, 60, 433.51092399996105
python, sum_vector, 61, 433.35893200003284
python, sum_vector, 62, 433.29536500004906
python, sum_vector, 63, 433.3621219999486
python, sum_vector, 64, 433.2424109999238
python, sum_vector, 65, 433.3759349999582
python, sum_vector, 66, 433.430039999962
python, sum_vector, 67, 433.28884400000334
python, sum_vector, 68, 433.2773780000707
python, sum_vector, 69, 433.3935779999365
python, sum_vector, 70, 433.80422999996426
python, sum_vector, 71, 433.30584499994984
python, sum_vector, 72, 438.7661240000398
python, sum_vector, 73, 433.2754960000784
python, sum_vector, 74, 433.3340959999532
python, sum_vector, 75, 433.47010200000113
python, sum_vector, 76, 433.37132599992856
python, sum_vector, 77, 433.2577959999071
python, sum_vector, 78, 433.3399710000094
python, sum_vector, 79, 433.32280800007084
python, sum_vector, 80, 434.0456260000565
python, sum_vector, 81, 433.39009800001804
python, sum_vector, 82, 433.17295600002126
python, sum_vector, 83, 433.3277810000027
python, sum_vector, 84, 433.45240100006777
python, sum_vector, 85, 433.23323399999936
python, sum_vector, 86, 433.2954909999671
python, sum_vector, 87, 433.2892049999373
python, sum_vector, 88, 433.3248310000499
python, sum_vector, 89, 433.3345439999903
python, sum_vector, 90, 433.44187100001363
python, sum_vector, 91, 433.2668580000245
python, sum_vector, 92, 433.2839950000107
python, sum_vector, 93, 433.4501780000437
python, sum_vector, 94, 433.3032539999522
python, sum_vector, 95, 433.63727799999197
python, sum_vector, 96, 433.53551000006973
python, sum_vector, 97, 433.4533569999621
python, sum_vector, 98, 433.353110999974
python, sum_vector, 99, 433.37045700002363
python, sum_vector, 100, 433.2828440000185
python, sum_vector, 101, 433.21917200000826
python, sum_vector, 102, 433.4282479999274
python, sum_vector, 103, 433.6452569999665
python, sum_vector, 104, 433.2385959999101
python, sum_vector, 105, 433.30910100007713
python, sum_vector, 106, 433.3991229999583
python, sum_vector, 107, 433.26279899997644
python, sum_vector, 108, 433.43385799994394
python, sum_vector, 109, 433.2838960000345
python, sum_vector, 110, 433.4625669999923
python, sum_vector, 111, 433.45834300009756
python, sum_vector, 112, 433.2520209999302
python, sum_vector, 113, 433.27831599992805
python, sum_vector, 114, 433.2781560000285
python, sum_vector, 115, 433.8476249999985
python, sum_vector, 116, 433.3613719999221
python, sum_vector, 117, 435.7741920000535
python, sum_vector, 118, 433.51800900006765
python, sum_vector, 119, 433.2821610000792
python, sum_vector, 120, 433.6245900000222
python, sum_vector, 121, 433.3571729999903
python, sum_vector, 122, 433.2577309999124
python, sum_vector, 123, 433.39148400002614
python, sum_vector, 124, 433.22643199996946
python, sum_vector, 125, 433.4360770000103
python, sum_vector, 126, 433.95104499995796
python, sum_vector, 127, 433.39617800006636
python, sum_vector, 128, 433.26662799995574
python, sum_vector, 129, 433.32053599999654
python, sum_vector, 130, 433.33986899995125
python, sum_vector, 131, 433.335550000038
python, sum_vector, 132, 433.4708779999801
python, sum_vector, 133, 433.1775899999002
python, sum_vector, 134, 433.44611099996655
python, sum_vector, 135, 433.4208809999609
python, sum_vector, 136, 433.31933799993294
python, sum_vector, 137, 433.2951309999089
python, sum_vector, 138, 433.38419600002
python, sum_vector, 139, 433.3332570000721
python, sum_vector, 140, 433.2844140000134
python, sum_vector, 141, 433.4850860000188
python, sum_vector, 142, 433.24126699997123
python, sum_vector, 143, 433.38584599996466
python, sum_vector, 144, 433.3608169999934
python, sum_vector, 145, 433.2810560000553
python, sum_vector, 146, 433.33310100001654
python, sum_vector, 147, 433.3937149999656
python, sum_vector, 148, 433.49264900007256
python, sum_vector, 149, 433.9559359999612
python, sum_vector, 150, 433.4804840000288
python, sum_vector, 151, 433.2536250000203
python, sum_vector, 152, 433.31077800007733
python, sum_vector, 153, 433.53700699992714
python, sum_vector, 154, 433.324534999997
python, sum_vector, 155, 433.3802229999719
python, sum_vector, 156, 433.50333900002624
python, sum_vector, 157, 433.3821550000039
python, sum_vector, 158, 433.2734529999698
python, sum_vector, 159, 433.42645799998536
python, sum_vector, 160, 433.50023799996507
python, sum_vector, 161, 433.3396060000041
python, sum_vector, 162, 433.5998279999558
python, sum_vector, 163, 433.32448499995735
python, sum_vector, 164, 433.37878700003785
python, sum_vector, 165, 433.4256610000011
python, sum_vector, 166, 433.49027900001147
python, sum_vector, 167, 433.28519099998175
python, sum_vector, 168, 433.4556840000232
python, sum_vector, 169, 433.28683000004276
python, sum_vector, 170, 433.3527410000215
python, sum_vector, 171, 433.51042000006146
python, sum_vector, 172, 433.63307200002055
python, sum_vector, 173, 433.4365040000421
python, sum_vector, 174, 433.40818199999376
python, sum_vector, 175, 433.2630630000267
python, sum_vector, 176, 433.3981339999582
python, sum_vector, 177, 433.4975819999727
python, sum_vector, 178, 433.38295399996696
python, sum_vector, 179, 433.24750600004336
python, sum_vector, 180, 433.52493999998387
python, sum_vector, 181, 433.5279580000133
python, sum_vector, 182, 433.35506099992926
python, sum_vector, 183, 433.5128860000168
python, sum_vector, 184, 433.80913999999393
python, sum_vector, 185, 433.5714139999709
python, sum_vector, 186, 433.4421809999185
python, sum_vector, 187, 433.3896210000603
python, sum_vector, 188, 433.2883200000879
python, sum_vector, 189, 433.4675119999929
python, sum_vector, 190, 433.4059840000464
python, sum_vector, 191, 433.3802090000063
python, sum_vector, 192, 433.4428880000587
python, sum_vector, 193, 433.30876400000307
python, sum_vector, 194, 433.5009880001053
python, sum_vector, 195, 433.70705199993154
python, sum_vector, 196, 433.53752600000917
python, sum_vector, 197, 433.29017600001407
python, sum_vector, 198, 433.4413940000559
python, sum_vector, 199, 433.42490899999575
python, alloc_list, 0, 16590.218235999942
python, alloc_list, 1, 14982.831410000017
python, alloc_list, 2, 16934.165302999987
python, alloc_list, 3, 14324.209839999981
python, alloc_list, 4, 14970.651547999978
python, alloc_list, 5, 16825.305956999953
python, alloc_list, 6, 13842.071816000043
python, alloc_list, 7, 16442.05125899998
python, alloc_list, 8, 13887.55075000006
python, alloc_list, 9, 14844.241813000053
python, alloc_list, 10, 15454.432476999955
python, alloc_list, 11, 16652.226074000057
python, alloc_list, 12, 14613.805365999951
python, alloc_list, 13, 16081.987686999924
python, alloc_list, 14, 14049.467357000027
python, alloc_list, 15, 15907.316556000069
python, alloc_list, 16, 16002.683595000008
python, alloc_list, 17, 14839.196122000089
python, alloc_list, 18, 15739.618790999997
python, alloc_list, 19, 14352.784218000124
python, alloc_list, 20, 15464.560032999998
python, alloc_list, 21, 15121.044385000005
python, alloc_list, 22, 13413.732430999971
python, alloc_list, 23, 16773.951469999927
python, alloc_list, 24, 14206.114255000102
python, alloc_list, 25, 16593.000351000002
python, alloc_list, 26, 15491.650143000015
python, alloc_list, 27, 15546.043793999843
python, alloc_list, 28, 13571.411489999946
python, alloc_list, 29, 15458.107366999911
python, alloc_list, 30, 15540.070877000062
python, alloc_list, 31, 17490.92432899988
python, alloc_list, 32, 14844.383925999864
python, alloc_list, 33, 15724.616679000064
python, alloc_list, 34, 14338.786059000086
python, alloc_list, 35, 15447.453085999996
python, alloc_list, 36, 15153.925044000061
python, alloc_list, 37, 13418.530615999998
python, alloc_list, 38, 16783.902648999858
python, alloc_list, 39, 14190.791303999958
python, alloc_list, 40, 16606.56205999999
python, alloc_list, 41, 15498.891660000027
python, alloc_list, 42, 15547.654155999908
python, alloc_list, 43, 13549.351587000046
python, alloc_list, 44, 15456.943134000085
python, alloc_list, 45, 15520.136154000056
python, alloc_list, 46, 17480.466492000007
python, alloc_list, 47, 14837.411515999975
python, alloc_list, 48, 15771.4763890001
python, alloc_list, 49, 14380.831681000018
python, alloc_list, 50, 15459.292116000142
python, alloc_list, 51, 15149.924694999982
python, alloc_list, 52, 13436.57379199999
python, alloc_list, 53, 16784.271563999937
python, alloc_list, 54, 14202.465994000022
python, alloc_list, 55, 16594.677478000223
python, alloc_list, 56, 15504.430883000168
python, alloc_list, 57, 15545.306597999797
python, alloc_list, 58, 13544.198473000051
python, alloc_list, 59, 15426.620367000169
python, alloc_list, 60, 15537.607798999943
python, alloc_list, 61, 17489.099176999844
python, alloc_list, 62, 14820.284190000166
python, alloc_list, 63, 15745.870657000069
python, alloc_list, 64, 14342.610881999917
python, alloc_list, 65, 15446.761495000146
python, alloc_list, 66, 15137.026028000037
python, alloc_list, 67, 13668.188138000005
python, alloc_list, 68, 16853.852813000005
python, alloc_list, 69, 14187.385884999912
python, alloc_list, 70, 16587.3027990001
python, alloc_list, 71, 15525.492919000044
python, alloc_list, 72, 15566.02046199987
python, alloc_list, 73, 13554.082421999965
python, alloc_list, 74, 15421.824227000116
python, alloc_list, 75, 15535.244961999979
python, alloc_list, 76, 17501.817436999998
python, alloc_list, 77, 14829.863687999932
python, alloc_list, 78, 15724.953099999993
python, alloc_list, 79, 14364.703259999942
python, alloc_list, 80, 15453.160668999999
python, alloc_list, 81, 15142.462825000166
python, alloc_list, 82, 13425.275062000082
python, alloc_list, 83, 16800.671736999902
python, alloc_list, 84, 14196.529454000029
python, alloc_list, 85, 16590.375229000074
python, alloc_list, 86, 15490.007763999984
python, alloc_list, 87, 15579.705961999935
python, alloc_list, 88, 13557.940174000123
python, alloc_list, 89, 15440.656371999921
python, alloc_list, 90, 15521.34920599974
python, alloc_list, 91, 17503.099293000105
python, alloc_list, 92, 14828.431612999793
python, alloc_list, 93, 15731.79679299983
python, alloc_list, 94, 14338.398311999754
python, alloc_list, 95, 15450.11720299999
python, alloc_list, 96, 15138.560614000198
python, alloc_list, 97, 13430.113107000125
python, alloc_list, 98, 16784.818670000277
python, alloc_list, 99, 14189.743376000024
python, alloc_list, 100, 16587.07879800022
python, alloc_list, 101, 15725.376940999922
python, alloc_list, 102, 15573.583288000009
python, alloc_list, 103, 13550.245612999788
python, alloc_list, 104, 15428.179427000032
python, alloc_list, 105, 15522.850646000279
python, alloc_list, 106, 17520.606202999716
python, alloc_list, 107, 14874.45158699984
python, alloc_list, 108, 15761.033338999823
python, alloc_list, 109, 14347.215501999926
python, alloc_list, 110, 15471.656578999955
python, alloc_list, 111, 15137.271196000256
python, alloc_list, 112, 13418.723690000206
python, alloc_list, 113, 16786.391704999915
python, alloc_list, 114, 14193.967891000284
python, alloc_list, 115, 16581.38241200004
python, alloc_list, 116, 15484.929592999833
python, alloc_list, 117, 15550.616555000033
python, alloc_list, 118, 13557.744850999825
python, alloc_list, 119, 15460.503463999885
python, alloc_list, 120, 15549.810424000043
python, alloc_list, 121, 17518.835658999706
python, alloc_list, 122, 14850.077160000183
python, alloc_list, 123, 15746.85001600028
python, alloc_list, 124, 14342.758586999935
python, alloc_list, 125, 15441.74435800005
python, alloc_list, 126, 15155.402306999804
python, alloc_list, 127, 13430.547654999828
python, alloc_list, 128, 16800.460452999687
python, alloc_list, 129, 14198.181794999982
python, alloc_list, 130, 16601.753020999695
python, alloc_list, 131, 15495.887845000198
python, alloc_list, 132, 15560.507316999974
python, alloc_list, 133, 13559.692767000342
python, alloc_list, 134, 15444.037015000049
python, alloc_list, 135, 15540.131496999948
python, alloc_list, 136, 17520.402357999956
python, alloc_list, 137, 14839.386231999924
python, alloc_list, 138, 15763.72665100007
python, alloc_list, 139, 14336.189805999766
python, alloc_list, 140, 15461.304492999716
python, alloc_list, 141, 15138.118425999892
python, alloc_list, 142, 13433.586709999872
python, alloc_list, 143, 16801.760190000095
python, alloc_list, 144, 14181.39576700014
python, alloc_list, 145, 16588.934557000357
python, alloc_list, 146, 15507.4266419997
python, alloc_list, 147, 15551.925713999935
python, alloc_list, 148, 13541.969067000082
python, alloc_list, 149, 15741.861912999866
python, alloc_list, 150, 15566.159556000002
python, alloc_list, 151, 17517.90872499987
python, alloc_list, 152, 14830.337039999904
python, alloc_list, 153, 15735.606814999755
python, alloc_list, 154, 14332.616706999943
python, alloc_list, 155, 15452.556448999985
python, alloc_list, 156, 15150.965564999751
python, alloc_list, 157, 13434.08767200026
python, alloc_list, 158, 16788.41529700003
python, alloc_list, 159, 14189.86560500025
python, alloc_list, 160, 16598.68149499971
python, alloc_list, 161, 15508.474142999603
python, alloc_list, 162, 15574.167047000174
python, alloc_list, 163, 13559.260114999688
python, alloc_list, 164, 15421.190496000236
python, alloc_list, 165, 15544.341943999825
python, alloc_list, 166, 17557.728021000003
python, alloc_list, 167, 14850.182551000216
python, alloc_list, 168, 15747.1234489999
python, alloc_list, 169, 14364.610071999778
python, alloc_list, 170, 15457.714484999997
python, alloc_list, 171, 15153.271949999635
python, alloc_list, 172, 13443.11976300014
python, alloc_list, 173, 16815.800810999917
python, alloc_list, 174, 14198.070382999958
python, alloc_list, 175, 16628.06569400027
python, alloc_list, 176, 15497.05356000004
python, alloc_list, 177, 15576.401644999805
python, alloc_list, 178, 13557.411580000007
python, alloc_list, 179, 15445.189412999753
python, alloc_list, 180, 15548.805014000209
python, alloc_list, 181, 17517.831642000147
python, alloc_list, 182, 14819.608115999927
python, alloc_list, 183, 15741.604105000079
python, alloc_list, 184, 14360.170425999968
python, alloc_list, 185, 15502.503192999939
python, alloc_list, 186, 15171.713828000065
python, alloc_list, 187, 13442.92845100017
python, alloc_list, 188, 16818.66442599994
python, alloc_list, 189, 14247.094990000278
python, alloc_list, 190, 16624.25522300009
python, alloc_list, 191, 15516.508477000116
python, alloc_list, 192, 15559.186303000388
python, alloc_list, 193, 13560.265130999596
python, alloc_list, 194, 15436.780217999967
python, alloc_list, 195, 15559.022201000062
python, alloc_list, 196, 17506.707995999932
python, alloc_list, 197, 14826.41589700006
python, alloc_list, 198, 15731.332243999987
python, alloc_list, 199, 14354.301447000125
python, sum_list, 0, 961.0523369997281
python, sum_list, 1, 961.2344239999402
python, sum_list, 2, 961.1075819998405
python, sum_list, 3, 960.6819370001176
python, sum_list, 4, 960.7905460002257
python, sum_list, 5, 960.9241979997023
python, sum_list, 6, 960.7671839999057
python, sum_list, 7, 960.9190750002199
python, sum_list, 8, 960.6944699999076
python, sum_list, 9, 960.9944710000491
python, sum_list, 10, 960.9102030003669
python, sum_list, 11, 960.7559539999784
python, sum_list, 12, 960.7139839999945
python, sum_list, 13, 960.8048420000159
python, sum_list, 14, 960.888796999825
python, sum_list, 15, 960.7196659999317
python, sum_list, 16, 960.8439100002215
python, sum_list, 17, 960.8130400001755
python, sum_list, 18, 960.7072679996236
python, sum_list, 19, 961.0691889997725
python, sum_list, 20, 960.9742830002688
python, sum_list, 21, 960.8757129999503
python, sum_list, 22, 960.8632829999806
python, sum_list, 23, 961.2831849999566
python, sum_list, 24, 960.7668799999374
python, sum_list, 25, 961.1508749999302
python, sum_list, 26, 961.0939700000927
python, sum_list, 27, 960.6663690001369
python, sum_list, 28, 960.9535550002875
python, sum_list, 29, 960.9296779999568
python, sum_list, 30, 960.8761570002571
python, sum_list, 31, 961.0780309999427
python, sum_list, 32, 961.0714249997727
python, sum_list, 33, 960.914227000103
python, sum_list, 34, 961.057553000046
python, sum_list, 35, 960.9601980000662
python, sum_list, 36, 960.7549709999148
python, sum_list, 37, 960.7519460000731
python, sum_list, 38, 961.1653500001012
python, sum_list, 39, 962.5571130000026
python, sum_list, 40, 966.773111999828
python, sum_list, 41, 961.3725129997874
python, sum_list, 42, 961.137405000045
python, sum_list, 43, 961.2541739998051
python, sum_list, 44, 961.0644149997825
python, sum_list, 45, 960.7685580003817
python, sum_list, 46, 961.0305460000745
python, sum_list, 47, 961.5933830000358
python, sum_list, 48, 960.9874640000271
python, sum_list, 49, 960.9182359999977
python, sum_list, 50, 960.5330389999835
python, sum_list, 51, 961.0069939999448
python, sum_list, 52, 960.7184889996461
python, sum_list, 53, 960.5870450000111
python, sum_list, 54, 960.4510939998363
python, sum_list, 55, 960.5167509998864
python, sum_list, 56, 960.6451310000921
python, sum_list, 57, 960.8198329997322
python, sum_list, 58, 961.4972749996014
python, sum_list, 59, 961.2613300000703
python, sum_list, 60, 961.1884869996175
python, sum_list, 61, 961.2930420003067
python, sum_list, 62, 961.0667349998039
python, sum_list, 63, 960.8147109997844
python, sum_list, 64, 961.1333580000974
python, sum_list, 65, 960.7910760000777
python, sum_list, 66, 961.0146850000092
python, sum_list, 67, 961.315752000246
python, sum_list, 68, 961.0112159998607
python, sum_list, 69, 961.1971379999886
python, sum_list, 70, 961.3333560000683
python, sum_list, 71, 961.2582670001757
python, sum_list, 72, 961.1858110001776
python, sum_list, 73, 961.3240170001518
python, sum_list, 74, 961.2225289997696
python, sum_list, 75, 960.9795139999733
python, sum_list, 76, 960.887744000047
python, sum_list, 77, 960.9424810000746
python, sum_list, 78, 960.8711480000238
python, sum_list, 79, 960.7777330002136
python, sum_list, 80, 960.642044999986
python, sum_list, 81, 960.8349380000618
python, sum_list, 82, 961.0685490001742
python, sum_list, 83, 960.5652440000085
python, sum_list, 84, 960.8578500001386
python, sum_list, 85, 961.0767270000906
python, sum_list, 86, 960.6513440003255
python, sum_list, 87, 960.5020500002865
python, sum_list, 88, 963.4203439995872
python, sum_list, 89, 960.5940490000648
python, sum_list, 90, 960.5855740001061
python, sum_list, 91, 960.7387959999869
python, sum_list, 92, 960.8254169997963
python, sum_list, 93, 961.7370279997886
python, sum_list, 94, 960.5954710000333
python, sum_list, 95, 960.4258990002563
python, sum_list, 96, 960.5644789999133
python, sum_list, 97, 960.6368639997527
python, sum_list, 98, 960.6691539997883
python, sum_list, 99, 962.3908820003635
python, sum_list, 100, 961.2796729998081
python, sum_list, 101, 961.4824539999063
python, sum_list, 102, 961.0873430001448
python, sum_list, 103, 966.4955549997103
python, sum_list, 104, 960.8398150003268
python, sum_list, 105, 960.9839830000055
python, sum_list, 106, 961.024696000095
python, sum_list, 107, 960.9980449999966
python, sum_list, 108, 961.2763330001144
python, sum_list, 109, 961.5825569999288
python, sum_list, 110, 960.9063409998271
python, sum_list, 111, 961.1262900002657
python, sum_list, 112, 960.897253999974
python, sum_list, 113, 961.1488850000569
python, sum_list, 114, 960.9546990000126
python, sum_list, 115, 961.1069620000308
python, sum_list, 116, 960.9090159997322
python, sum_list, 117, 961.0138629996072
python, sum_list, 118, 960.9079060001022
python, sum_list, 119, 961.0498189999817
python, sum_list, 120, 962.2840299998643
python, sum_list, 121, 961.5306350001447
python, sum_list, 122, 960.9615519998442
python, sum_list, 123, 961.0144190000938
python, sum_list, 124, 961.5310799999861
python, sum_list, 125, 961.0466729996006
python, sum_list, 126, 961.0390670000015
python, sum_list, 127, 960.8071180000479
python, sum_list, 128, 960.4045139999471
python, sum_list, 129, 960.7655529998738
python, sum_list, 130, 961.1769380003352
python, sum_list, 131, 960.963349999929
python, sum_list, 132, 960.8871660002478
python, sum_list, 133, 960.5578069999865
python, sum_list, 134, 961.1636049999106
python, sum_list, 135, 960.6919579996429
python, sum_list, 136, 960.9980830000495
python, sum_list, 137, 960.7722040000226
python, sum_list, 138, 960.6981449996965
python, sum_list, 139, 960.7821009999498
python, sum_list, 140, 960.7575400000314
python, sum_list, 141, 960.6535640000402
python, sum_list, 142, 960.9370620000846
python, sum_list, 143, 960.665128999608
python, sum_list, 144, 961.2166550000438
python, sum_list, 145, 960.8413000000837
python, sum_list, 146, 960.8558590002758
python, sum_list, 147, 961.046229999738
python, sum_list, 148, 961.0312830000112
python, sum_list, 149, 960.4490089996034
python, sum_list, 150, 960.6961049998972
python, sum_list, 151, 960.9780480000154
python, sum_list, 152, 960.8130890001121
python, sum_list, 153, 960.8628850000969
python, sum_list, 154, 960.5887890002123
python, sum_list, 155, 961.0370880000119
python, sum_list, 156, 960.8758939998552
python, sum_list, 157, 969.15855799989
python, sum_list, 158, 965.9342019999713
python, sum_list, 159, 1349.980270999822
python, sum_list, 160, 1000.8165760000338
python, sum_list, 161, 962.4501610001062
python, sum_list, 162, 961.1724249998588
python, sum_list, 163, 968.1349489997046
python, sum_list, 164, 960.9460149999904
python, sum_list, 165, 995.1666649999424
python, sum_list, 166, 967.1811960001833
python, sum_list, 167, 960.6481249998069
python, sum_list, 168, 968.7190150002607
python, sum_list, 169, 960.8409809998193
python, sum_list, 170, 960.5790249997881
python, sum_list, 171, 960.930124999777
python, sum_list, 172, 960.5933019997792
python, sum_list, 173, 960.5567900002825
python, sum_list, 174, 960.6359059998795
python, sum_list, 175, 961.3904890002232
python, sum_list, 176, 960.3918650000196
python, sum_list, 177, 960.8064630001536
python, sum_list, 178, 960.842515999957
python, sum_list, 179, 960.8984049996252
python, sum_list, 180, 960.7673139998951
python, sum_list, 181, 961.0320550000324
python, sum_list, 182, 961.7628149999291
python, sum_list, 183, 961.8820659998164
python, sum_list, 184, 960.9902040001543
python, sum_list, 185, 961.0580960002153
python, sum_list, 186, 960.9524590000547
python, sum_list, 187, 960.8582799996839
python, sum_list, 188, 960.9661679996861
python, sum_list, 189, 960.9185099998285
python, sum_list, 190, 960.8043929997621
python, sum_list, 191, 960.851356999683
python, sum_list, 192, 960.8819009999934
python, sum_list, 193, 960.9935799999221
python, sum_list, 194, 962.785255000199
python, sum_list, 195, 960.769012000128
python, sum_list, 196, 961.3027000000329
python, sum_list, 197, 960.8825789996445
python, sum_list, 198, 961.0460860003514
python, sum_list, 199, 960.826766000082
python, alloc_full_tree, 0, 269.97583399997893
python, alloc_full_tree, 1, 268.7294050001583
python, alloc_full_tree, 2, 267.8305149997868
python, alloc_full_tree, 3, 267.604317000405
python, alloc_full_tree, 4, 267.6411749998806
python, alloc_full_tree, 5, 267.66487699978825
python, alloc_full_tree, 6, 267.0500770000217
python, alloc_full_tree, 7, 266.8830610000441
python, alloc_full_tree, 8, 266.961449000064
python, alloc_full_tree, 9, 267.05900599972665
python, alloc_full_tree, 10, 2418.35032400013
python, alloc_full_tree, 11, 268.10895700009496
python, alloc_full_tree, 12, 268.4316929999113
python, alloc_full_tree, 13, 267.8367880002952
python, alloc_full_tree, 14, 267.48752599996806
python, alloc_full_tree, 15, 267.221685000095
python, alloc_full_tree, 16, 267.6641389998622
python, alloc_full_tree, 17, 267.245948999971
python, alloc_full_tree, 18, 266.6875960003381
python, alloc_full_tree, 19, 266.43114199987394
python, alloc_full_tree, 20, 266.3875969997207
python, alloc_full_tree, 21, 266.6821150000942
python, alloc_full_tree, 22, 266.1863710000034
python, alloc_full_tree, 23, 2048.022831000253
python, alloc_full_tree, 24, 268.07488700023896
python, alloc_full_tree, 25, 268.16159800000605
python, alloc_full_tree, 26, 267.71764900013295
python, alloc_full_tree, 27, 267.3024770001575
python, alloc_full_tree, 28, 266.7660369997975
python, alloc_full_tree, 29, 267.1671020002577
python, alloc_full_tree, 30, 267.3006540003371
python, alloc_full_tree, 31, 266.7371259999527
python, alloc_full_tree, 32, 266.38369100010095
python, alloc_full_tree, 33, 266.6948430000957
python, alloc_full_tree, 34, 266.63905599980353
python, alloc_full_tree, 35, 265.90712500001246
python, alloc_full_tree, 36, 2030.8043620002536
python, alloc_full_tree, 37, 268.2436320001216
python, alloc_full_tree, 38, 268.1069740001476
python, alloc_full_tree, 39, 267.407533000096
python, alloc_full_tree, 40, 267.5662870001361
python, alloc_full_tree, 41, 267.5775530001374
python, alloc_full_tree, 42, 267.1495610002239
python, alloc_full_tree, 43, 266.8712830000004
python, alloc_full_tree, 44, 266.44492700006595
python, alloc_full_tree, 45, 266.7989600004148
python, alloc_full_tree, 46, 266.32519899976614
python, alloc_full_tree, 47, 266.32040399999823
python, alloc_full_tree, 48, 265.9966650003298
python, alloc_full_tree, 49, 2010.3668850001668
python, alloc_full_tree, 50, 268.6437829997885
python, alloc_full_tree, 51, 267.84851100001106
python, alloc_full_tree, 52, 267.3568699997304
python, alloc_full_tree, 53, 267.6258199999211
python, alloc_full_tree, 54, 267.69698899988725
python, alloc_full_tree, 55, 266.95729400034907
python, alloc_full_tree, 56, 266.957616000127
python, alloc_full_tree, 57, 266.96921100028703
python, alloc_full_tree, 58, 267.396213000211
python, alloc_full_tree, 59, 266.1083510001845
python, alloc_full_tree, 60, 266.17466599964246
python, alloc_full_tree, 61, 2171.0491490002823
python, alloc_full_tree, 62, 268.28738999984125
python, alloc_full_tree, 63, 267.76748900010716
python, alloc_full_tree, 64, 267.7298029998383
python, alloc_full_tree, 65, 270.89789399997244
python, alloc_full_tree, 66, 267.708717000005
python, alloc_full_tree, 67, 266.97549699974843
python, alloc_full_tree, 68, 266.5865409999242
python, alloc_full_tree, 69, 266.57680300013453
python, alloc_full_tree, 70, 266.8832270001076
python, alloc_full_tree, 71, 266.6898359998413
python, alloc_full_tree, 72, 266.10132699988753
python, alloc_full_tree, 73, 270.4038860001674
python, alloc_full_tree, 74, 2185.42350000007
python, alloc_full_tree, 75, 268.6187650001557
python, alloc_full_tree, 76, 267.7874089999932
python, alloc_full_tree, 77, 267.4156699999912
python, alloc_full_tree, 78, 267.5644959999772
python, alloc_full_tree, 79, 267.4527069998476
python, alloc_full_tree, 80, 266.9277320001129
python, alloc_full_tree, 81, 266.93118999992294
python, alloc_full_tree, 82, 266.7695779996393
python, alloc_full_tree, 83, 266.91599299965674
python, alloc_full_tree, 84, 266.4346469996417
python, alloc_full_tree, 85, 266.0445980000077
python, alloc_full_tree, 86, 266.20644900003754
python, alloc_full_tree, 87, 266.297747000408
python, alloc_full_tree, 88, 2012.167001999842
python, alloc_full_tree, 89, 267.9544719999285
python, alloc_full_tree, 90, 268.126958999801
python, alloc_full_tree, 91, 267.7889609999511
python, alloc_full_tree, 92, 267.24573199999213
python, alloc_full_tree, 93, 267.12922900014746
python, alloc_full_tree, 94, 267.0982079998794
python, alloc_full_tree, 95, 267.1059859999332
python, alloc_full_tree, 96, 266.5661440000804
python, alloc_full_tree, 97, 266.4085809997232
python, alloc_full_tree, 98, 266.5090999998938
python, alloc_full_tree, 99, 266.69601200001125
python, alloc_full_tree, 100, 2171.1556340001152
python, alloc_full_tree, 101, 268.1211210001493
python, alloc_full_tree, 102, 267.24863000026744
python, alloc_full_tree, 103, 267.7096639999945
python, alloc_full_tree, 104, 267.48182100027407
python, alloc_full_tree, 105, 267.4384120000468
python, alloc_full_tree, 106, 266.9325580000077
python, alloc_full_tree, 107, 267.4359769998773
python, alloc_full_tree, 108, 266.82822099974146
python, alloc_full_tree, 109, 266.29384599982586
python, alloc_full_tree, 110, 265.87579700026254
python, alloc_full_tree, 111, 266.5761900002508
python, alloc_full_tree, 112, 266.1429320000934
python, alloc_full_tree, 113, 266.03144099999554
python, alloc_full_tree, 114, 2007.8703939998377
python, alloc_full_tree, 115, 268.53945300035775
python, alloc_full_tree, 116, 268.10270300029515
python, alloc_full_tree, 117, 267.6775180002551
python, alloc_full_tree, 118, 267.228871000043
python, alloc_full_tree, 119, 267.77111999990666
python, alloc_full_tree, 120, 267.3241689999486
python, alloc_full_tree, 121, 267.0363870001893
python, alloc_full_tree, 122, 266.52291899972624
python, alloc_full_tree, 123, 266.93980499976533
python, alloc_full_tree, 124, 266.7172120000032
python, alloc_full_tree, 125, 266.26270099995963
python, alloc_full_tree, 126, 2162.7277309999045
python, alloc_full_tree, 127, 268.1589939998048
python, alloc_full_tree, 128, 268.1917570002952
python, alloc_full_tree, 129, 267.7074490002269
python, alloc_full_tree, 130, 267.1095890000288
python, alloc_full_tree, 131, 267.45177199973114
python, alloc_full_tree, 132, 267.155424000066
python, alloc_full_tree, 133, 266.88738299981196
python, alloc_full_tree, 134, 266.34667399957834
python, alloc_full_tree, 135, 266.7143989997385
python, alloc_full_tree, 136, 266.83466299982683
python, alloc_full_tree, 137, 266.21513800000685
python, alloc_full_tree, 138, 265.7770169998912
python, alloc_full_tree, 139, 2168.1864359998144
python, alloc_full_tree, 140, 268.0840410002929
python, alloc_full_tree, 141, 268.00782999998773
python, alloc_full_tree, 142, 267.63488400001734
python, alloc_full_tree, 143, 267.29005500010317
python, alloc_full_tree, 144, 267.82937100006166
python, alloc_full_tree, 145, 267.11412499980725
python, alloc_full_tree, 146, 266.70464600010746
python, alloc_full_tree, 147, 266.32974500034834
python, alloc_full_tree, 148, 266.8205620002482
python, alloc_full_tree, 149, 266.4214719998199
python, alloc_full_tree, 150, 266.58650300032605
python, alloc_full_tree, 151, 265.5750330000046
python, alloc_full_tree, 152, 2181.446821999998
python, alloc_full_tree, 153, 268.4946679996756
python, alloc_full_tree, 154, 267.8187880001133
python, alloc_full_tree, 155, 267.1936189999542
python, alloc_full_tree, 156, 267.46392900031424
python, alloc_full_tree, 157, 267.3374630003309
python, alloc_full_tree, 158, 266.84483799999725
python, alloc_full_tree, 159, 266.48415199997544
python, alloc_full_tree, 160, 266.9461729997238
python, alloc_full_tree, 161, 266.63643200026854
python, alloc_full_tree, 162, 266.18702199994004
python, alloc_full_tree, 163, 265.8995759998106
python, alloc_full_tree, 164, 266.0200279997298
python, alloc_full_tree, 165, 266.4705369998046
python, alloc_full_tree, 166, 2014.7334590001265
python, alloc_full_tree, 167, 267.9121009996379
python, alloc_full_tree, 168, 268.1605220000165
python, alloc_full_tree, 169, 268.14450800020495
python, alloc_full_tree, 170, 267.2448839998651
python, alloc_full_tree, 171, 267.23237599981076
python, alloc_full_tree, 172, 267.0193440003459
python, alloc_full_tree, 173, 267.1879839999747
python, alloc_full_tree, 174, 266.590890000316
python, alloc_full_tree, 175, 266.3017760000912
python, alloc_full_tree, 176, 266.61516100011795
python, alloc_full_tree, 177, 266.6218699996534
python, alloc_full_tree, 178, 2173.226499000066
python, alloc_full_tree, 179, 268.301290999716
python, alloc_full_tree, 180, 267.31245000019044
python, alloc_full_tree, 181, 267.8566229997159
python, alloc_full_tree, 182, 267.69182099997124
python, alloc_full_tree, 183, 267.13597700018
python, alloc_full_tree, 184, 266.6903360000106
python, alloc_full_tree, 185, 267.0344219995968
python, alloc_full_tree, 186, 266.6963400001805
python, alloc_full_tree, 187, 266.2687359998017
python, alloc_full_tree, 188, 266.25733500031856
python, alloc_full_tree, 189, 266.67858599967076
python, alloc_full_tree, 190, 266.2027510000371
python, alloc_full_tree, 191, 265.8614930001022
python, alloc_full_tree, 192, 2004.0682769999876
python, alloc_full_tree, 193, 268.5692380000546
python, alloc_full_tree, 194, 268.0573790003109
python, alloc_full_tree, 195, 267.72680199974275
python, alloc_full_tree, 196, 267.1618580006907
python, alloc_full_tree, 197, 267.59235999998054
python, alloc_full_tree, 198, 267.1265939998193
python, alloc_full_tree, 199, 267.0251809995534
python, sum_tree, 0, 87.63356700001168
python, sum_tree, 1, 87.41504099998565
python, sum_tree, 2, 87.34245899995585
python, sum_tree, 3, 87.44685800047591
python, sum_tree, 4, 87.67087699925469
python, sum_tree, 5, 87.55325499987521
python, sum_tree, 6, 87.38755800004583
python, sum_tree, 7, 87.58628699979454
python, sum_tree, 8, 87.49265900041792
python, sum_tree, 9, 87.40254399981495
python, sum_tree, 10, 87.44981100062432
python, sum_tree, 11, 87.36385199972574
python, sum_tree, 12, 87.49683899986849
python, sum_tree, 13, 87.40778799983673
python, sum_tree, 14, 87.54742200017063
python, sum_tree, 15, 87.44772699992609
python, sum_tree, 16, 87.58251200015366
python, sum_tree, 17, 87.46742499988613
python, sum_tree, 18, 87.5062919994889
python, sum_tree, 19, 87.56672399977106
python, sum_tree, 20, 87.49875000012253
python, sum_tree, 21, 87.35452299970348
python, sum_tree, 22, 87.44635099992593
python, sum_tree, 23, 87.5994529997115
python, sum_tree, 24, 87.40928000042913
python, sum_tree, 25, 87.41906500017649
python, sum_tree, 26, 87.38273700055288
python, sum_tree, 27, 87.52416599963908
python, sum_tree, 28, 87.46428700032993
python, sum_tree, 29, 87.4065440002596
python, sum_tree, 30, 87.51245000075869
python, sum_tree, 31, 87.43264900022041
python, sum_tree, 32, 87.47383000081754
python, sum_tree, 33, 87.44958100032818
python, sum_tree, 34, 87.47906400003558
python, sum_tree, 35, 87.43379800034745
python, sum_tree, 36, 87.44619400022202
python, sum_tree, 37, 87.40878400021757
python, sum_tree, 38, 87.5268199997663
python, sum_tree, 39, 87.45532300054037
python, sum_tree, 40, 87.4635069994838
python, sum_tree, 41, 87.4215309995634
python, sum_tree, 42, 87.52026999991358
python, sum_tree, 43, 87.41368600021815
python, sum_tree, 44, 87.45641099994828
python, sum_tree, 45, 87.38197599996056
python, sum_tree, 46, 87.57900599994173
python, sum_tree, 47, 87.3792489992411
python, sum_tree, 48, 87.393890000385
python, sum_tree, 49, 87.45871700011776
python, sum_tree, 50, 87.48372799982462
python, sum_tree, 51, 87.40861200021754
python, sum_tree, 52, 87.51465800014557
python, sum_tree, 53, 87.50371499991161
python, sum_tree, 54, 87.4251639997965
python, sum_tree, 55, 87.34665899919491
python, sum_tree, 56, 87.38795799945365
python, sum_tree, 57, 87.83247100018343
python, sum_tree, 58, 87.48494300016318
python, sum_tree, 59, 87.47593899988715
python, sum_tree, 60, 87.48014399952808
python, sum_tree, 61, 87.48501900026895
python, sum_tree, 62, 87.45539800020197
python, sum_tree, 63, 87.38369599996076
python, sum_tree, 64, 87.42233399971155
python, sum_tree, 65, 87.38313800040487
python, sum_tree, 66, 87.44334099992557
python, sum_tree, 67, 87.47438299997157
python, sum_tree, 68, 87.43828000024223
python, sum_tree, 69, 87.61249300005147
python, sum_tree, 70, 87.36133900038112
python, sum_tree, 71, 87.34176699999807
python, sum_tree, 72, 87.43158200013568
python, sum_tree, 73, 87.52547600033722
python, sum_tree, 74, 87.42338499996549
python, sum_tree, 75, 87.37546600059432
python, sum_tree, 76, 87.43494900045334
python, sum_tree, 77, 87.40809400023863
python, sum_tree, 78, 87.42489900032524
python, sum_tree, 79, 87.46015799988527
python, sum_tree, 80, 87.62236000075063
python, sum_tree, 81, 87.47855399997206
python, sum_tree, 82, 87.61345200036885
python, sum_tree, 83, 87.42195299964806
python, sum_tree, 84, 87.46950499971717
python, sum_tree, 85, 89.01277599943569
python, sum_tree, 86, 87.69955900061177
python, sum_tree, 87, 87.53160800006299
python, sum_tree, 88, 87.49809199980518
python, sum_tree, 89, 87.47747300003539
python, sum_tree, 90, 87.42593399983889
python, sum_tree, 91, 87.44596500037005
python, sum_tree, 92, 87.56807100053265
python, sum_tree, 93, 87.40807300000597
python, sum_tree, 94, 87.37961199949495
python, sum_tree, 95, 87.41068700055621
python, sum_tree, 96, 92.7621740001996
python, sum_tree, 97, 87.46009700007562
python, sum_tree, 98, 87.46610700018209
python, sum_tree, 99, 87.47055900039413
python, sum_tree, 100, 87.38949200051138
python, sum_tree, 101, 87.34596999966016
python, sum_tree, 102, 87.42495600017719
python, sum_tree, 103, 87.57464300015272
python, sum_tree, 104, 87.43266400051652
python, sum_tree, 105, 87.48089900018385
python, sum_tree, 106, 87.41198499956226
python, sum_tree, 107, 87.43412100011483
python, sum_tree, 108, 87.4961629997415
python, sum_tree, 109, 87.44773099988379
python, sum_tree, 110, 87.42509100011375
python, sum_tree, 111, 87.43524600049568
python, sum_tree, 112, 87.47209400007705
python, sum_tree, 113, 87.40251000017452
python, sum_tree, 114, 87.56844700019428
python, sum_tree, 115, 87.63214199916547
python, sum_tree, 116, 87.48058899982425
python, sum_tree, 117, 87.46129899918742
python, sum_tree, 118, 87.50180400056706
python, sum_tree, 119, 87.40655299970967
python, sum_tree, 120, 87.42513400011376
python, sum_tree, 121, 87.37496599951555
python, sum_tree, 122, 87.48284999910538
python, sum_tree, 123, 87.41483700032404
python, sum_tree, 124, 87.44111099986185
python, sum_tree, 125, 87.37559600012901
python, sum_tree, 126, 87.58665599998494
python, sum_tree, 127, 87.53447700019024
python, sum_tree, 128, 87.44476200081408
python, sum_tree, 129, 87.47623199997179
python, sum_tree, 130, 87.42528499988111
python, sum_tree, 131, 87.98690000003262
python, sum_tree, 132, 87.56989399989834
python, sum_tree, 133, 87.49418200022774
python, sum_tree, 134, 95.09441800037166
python, sum_tree, 135, 87.48363199993037
python, sum_tree, 136, 87.62056399973517
python, sum_tree, 137, 87.61900500030606
python, sum_tree, 138, 91.69862099952297
python, sum_tree, 139, 87.5292669998089
python, sum_tree, 140, 87.67784599967854
python, sum_tree, 141, 87.43099399998755
python, sum_tree, 142, 87.62521200060291
python, sum_tree, 143, 87.48316899982456
python, sum_tree, 144, 87.65150999988691
python, sum_tree, 145, 89.3986760002008
python, sum_tree, 146, 87.51243300048372
python, sum_tree, 147, 111.32310399989365
python, sum_tree, 148, 87.60040499964816
python, sum_tree, 149, 88.16361899971525
python, sum_tree, 150, 195.93156799965072
python, sum_tree, 151, 189.57664299978205
python, sum_tree, 152, 190.3577459997905
python, sum_tree, 153, 97.41759699954855
python, sum_tree, 154, 87.40463499998441
python, sum_tree, 155, 87.51878000020952
python, sum_tree, 156, 87.55763200042566
python, sum_tree, 157, 107.34656299973722
python, sum_tree, 158, 104.25914300049044
python, sum_tree, 159, 87.63600300062535
python, sum_tree, 160, 87.62203799960844
python, sum_tree, 161, 87.49325999997382
python, sum_tree, 162, 87.49209199959296
python, sum_tree, 163, 88.34958900024503
python, sum_tree, 164, 87.56673700008832
python, sum_tree, 165, 87.62987700083613
python, sum_tree, 166, 87.40966299956199
python, sum_tree, 167, 87.894858999789
python, sum_tree, 168, 87.4864349998461
python, sum_tree, 169, 87.59767599985935
python, sum_tree, 170, 87.35556300052849
python, sum_tree, 171, 87.46062099999108
python, sum_tree, 172, 87.83063300052163
python, sum_tree, 173, 87.50732099997549
python, sum_tree, 174, 87.5102700001662
python, sum_tree, 175, 87.47054400009802
python, sum_tree, 176, 87.53334599987284
python, sum_tree, 177, 87.37441899938858
python, sum_tree, 178, 87.61764100017899
python, sum_tree, 179, 87.42992800034699
python, sum_tree, 180, 87.4712670001827
python, sum_tree, 181, 87.3661469995568
python, sum_tree, 182, 87.39321499979269
python, sum_tree, 183, 87.60729299956438
python, sum_tree, 184, 87.45566700054042
python, sum_tree, 185, 87.48710400050186
python, sum_tree, 186, 87.53107699976681
python, sum_tree, 187, 87.47627499997179
python, sum_tree, 188, 87.43752800000948
python, sum_tree, 189, 87.40601999943465
python, sum_tree, 190, 87.81105400066735
python, sum_tree, 191, 87.66857699993125
python, sum_tree, 192, 87.49073800026963
python, sum_tree, 193, 87.82643299946358
python, sum_tree, 194, 87.52215200001956
python, sum_tree, 195, 92.2768559994438
python, sum_tree, 196, 93.0343530008031
python, sum_tree, 197, 93.41319400027714
python, sum_tree, 198, 87.67163300035463
python, sum_tree, 199, 87.53892500044458
